GroundingDINO Detection,Final Result (RexSeek + SAM),LLM Raw Output,flag,username,timestamp
"{""path"": ""gradio_cached_examples/17/GroundingDINO Detection/20230f987a76b33451c4/image.webp"", ""url"": ""/file=/tmp/gradio/da88217148aa0f7fe0e1f80f2bfdf55b4790edee2364a10ed5ffde4f2433537f/image.webp"", ""size"": null, ""orig_name"": ""image.webp"", ""mime_type"": null, ""is_stream"": false, ""meta"": {""_type"": ""gradio.FileData""}}","{""path"": ""gradio_cached_examples/17/Final Result RexSeek  SAM/5854b48285fe4854d1d7/image.webp"", ""url"": ""/file=/tmp/gradio/480a5b88940452864494cd9f79b634d7be7e74d31b743e0bc2707e7b8c2473f0/image.webp"", ""size"": null, ""orig_name"": ""image.webp"", ""mime_type"": null, ""is_stream"": false, ""meta"": {""_type"": ""gradio.FileData""}}",<ground>person that is giving a proposal</ground><objects><obj0></objects><|im_end|>,,,2025-03-12 10:11:28.627448
"{""path"": ""gradio_cached_examples/17/GroundingDINO Detection/cc4bc9d50e268d4d6cc3/image.webp"", ""url"": ""/file=/tmp/gradio/69664d68fed1bbd3b55e074367ce9ba46cca8fcfecab33a13a0042148363abe5/image.webp"", ""size"": null, ""orig_name"": ""image.webp"", ""mime_type"": null, ""is_stream"": false, ""meta"": {""_type"": ""gradio.FileData""}}","{""path"": ""gradio_cached_examples/17/Final Result RexSeek  SAM/c5258ac1ebc9ed88f8d9/image.webp"", ""url"": ""/file=/tmp/gradio/2a2a5d3663b0b1a0526b020e53fa88b30700053947ab39ac86099edc8ef20850/image.webp"", ""size"": null, ""orig_name"": ""image.webp"", ""mime_type"": null, ""is_stream"": false, ""meta"": {""_type"": ""gradio.FileData""}}",<ground>prisoners</ground><objects><obj2><obj3><obj4><obj5></objects><|im_end|>,,,2025-03-12 10:11:30.298450
"{""path"": ""gradio_cached_examples/17/GroundingDINO Detection/c422cbe5e64e929bf3c8/image.webp"", ""url"": ""/file=/tmp/gradio/ccfaa3579090cedbaa3381b3d6263f993c2176101e72e7c4e06aab53078ab702/image.webp"", ""size"": null, ""orig_name"": ""image.webp"", ""mime_type"": null, ""is_stream"": false, ""meta"": {""_type"": ""gradio.FileData""}}","{""path"": ""gradio_cached_examples/17/Final Result RexSeek  SAM/f9b761c49abbf4636038/image.webp"", ""url"": ""/file=/tmp/gradio/f6f79e3c75737d2e187968de700da6053d7a855609866423952ac9eb7b65178d/image.webp"", ""size"": null, ""orig_name"": ""image.webp"", ""mime_type"": null, ""is_stream"": false, ""meta"": {""_type"": ""gradio.FileData""}}",<ground>Mr Alvin KWOCK</ground><objects><obj6></objects><|im_end|>,,,2025-03-12 10:11:31.907596
"{""path"": ""gradio_cached_examples/17/GroundingDINO Detection/28d72258d6ed5d6c1fac/image.webp"", ""url"": ""/file=/tmp/gradio/e3ca5fa82a3ed42c48c9285dc70ae05421a01e9249922f24e92e4c67f6a39f5d/image.webp"", ""size"": null, ""orig_name"": ""image.webp"", ""mime_type"": null, ""is_stream"": false, ""meta"": {""_type"": ""gradio.FileData""}}","{""path"": ""gradio_cached_examples/17/Final Result RexSeek  SAM/f8e00bc5ffabd2a681eb/image.webp"", ""url"": ""/file=/tmp/gradio/5d3205aa988607a958a17284e5078cac3c014b9e20314d5446c8e84d1cd56b91/image.webp"", ""size"": null, ""orig_name"": ""image.webp"", ""mime_type"": null, ""is_stream"": false, ""meta"": {""_type"": ""gradio.FileData""}}",<ground>the person next to Trump</ground><objects><obj1></objects><|im_end|>,,,2025-03-12 10:11:33.408363
"{""path"": ""gradio_cached_examples/17/GroundingDINO Detection/dd947eab752f7276d22e/image.webp"", ""url"": ""/file=/tmp/gradio/af4e1da1462089a165562934433214355498fa7d5e735e24cb41113d82911d0b/image.webp"", ""size"": null, ""orig_name"": ""image.webp"", ""mime_type"": null, ""is_stream"": false, ""meta"": {""_type"": ""gradio.FileData""}}","{""path"": ""gradio_cached_examples/17/Final Result RexSeek  SAM/9ef5b1ea6dbe0ed2bb36/image.webp"", ""url"": ""/file=/tmp/gradio/7410ea9a12e32aae4eaa537cbb996019da3d87b7e5065c7c5c9b4bcb6897d126/image.webp"", ""size"": null, ""orig_name"": ""image.webp"", ""mime_type"": null, ""is_stream"": false, ""meta"": {""_type"": ""gradio.FileData""}}",<ground>homelander</ground><objects><obj2></objects><|im_end|>,,,2025-03-12 10:11:35.028993
"{""path"": ""gradio_cached_examples/17/GroundingDINO Detection/256e8a5f07958793c574/image.webp"", ""url"": ""/file=/tmp/gradio/f6d60e9401d03a66ad1155bde48fc91b81aded8e475d3a60da0abcd7070a0d53/image.webp"", ""size"": null, ""orig_name"": ""image.webp"", ""mime_type"": null, ""is_stream"": false, ""meta"": {""_type"": ""gradio.FileData""}}","{""path"": ""gradio_cached_examples/17/Final Result RexSeek  SAM/073527232d03e26d20df/image.webp"", ""url"": ""/file=/tmp/gradio/c440bf333c983566f95b79145c0afffeb7caff38ddc64b0ced59dc6733f3d6b4/image.webp"", ""size"": null, ""orig_name"": ""image.webp"", ""mime_type"": null, ""is_stream"": false, ""meta"": {""_type"": ""gradio.FileData""}}",<ground>male</ground><objects><obj2><obj4><obj5><obj7><obj9><obj11><obj12><obj14><obj15><obj18><obj20><obj24><obj30></objects><|im_end|>,,,2025-03-12 10:11:37.093709
"{""path"": ""gradio_cached_examples/17/GroundingDINO Detection/69f9add286b3c1031ee3/image.webp"", ""url"": ""/file=/tmp/gradio/3919d2d8d87304769a2271629a24930910777223e8019e175469d8976096f220/image.webp"", ""size"": null, ""orig_name"": ""image.webp"", ""mime_type"": null, ""is_stream"": false, ""meta"": {""_type"": ""gradio.FileData""}}","{""path"": ""gradio_cached_examples/17/Final Result RexSeek  SAM/f50bbc08c2f61e4534a5/image.webp"", ""url"": ""/file=/tmp/gradio/9d89c541ac21af989a7448d0a6624e5b11bcf7943b776e6ff915ad93526a2993/image.webp"", ""size"": null, ""orig_name"": ""image.webp"", ""mime_type"": null, ""is_stream"": false, ""meta"": {""_type"": ""gradio.FileData""}}",<ground>female</ground><objects><obj0><obj1><obj2><obj3><obj4><obj5><obj6><obj7><obj8><obj9><obj10><obj11><obj12><obj14><obj15><obj16><obj17><obj18><obj19><obj20></objects><|im_end|>,,,2025-03-12 10:11:39.358264
"{""path"": ""gradio_cached_examples/17/GroundingDINO Detection/8d6c65830ce91dd7d7d2/image.webp"", ""url"": ""/file=/tmp/gradio/6e3fb692c9adaa1656450b676ccaf8aff73e91ec54689325d1d8f4537d25c397/image.webp"", ""size"": null, ""orig_name"": ""image.webp"", ""mime_type"": null, ""is_stream"": false, ""meta"": {""_type"": ""gradio.FileData""}}","{""path"": ""gradio_cached_examples/17/Final Result RexSeek  SAM/c3615f6c9ed98f37eb76/image.webp"", ""url"": ""/file=/tmp/gradio/818683649a46fdb70a5edefac4dd15b61eedd0f97ad2a0fe76759529fccaa1c1/image.webp"", ""size"": null, ""orig_name"": ""image.webp"", ""mime_type"": null, ""is_stream"": false, ""meta"": {""_type"": ""gradio.FileData""}}",<ground>walter white</ground><objects><obj1></objects><|im_end|>,,,2025-03-12 10:11:40.521609
"{""path"": ""gradio_cached_examples/17/GroundingDINO Detection/458f173b277b283bceb9/image.webp"", ""url"": ""/file=/tmp/gradio/3aa5f3bf3b0d821733cac4fc8e8aa6f7f684954363c9be29938d720202f0c1ec/image.webp"", ""size"": null, ""orig_name"": ""image.webp"", ""mime_type"": null, ""is_stream"": false, ""meta"": {""_type"": ""gradio.FileData""}}","{""path"": ""gradio_cached_examples/17/Final Result RexSeek  SAM/308e0909399166789540/image.webp"", ""url"": ""/file=/tmp/gradio/078e25f41af6f4060d71aeca1a708ef2de80734d561416d84f83e7bcd4bb34bc/image.webp"", ""size"": null, ""orig_name"": ""image.webp"", ""mime_type"": null, ""is_stream"": false, ""meta"": {""_type"": ""gradio.FileData""}}",<ground>unripe tomato</ground><objects><obj2><obj3><obj4><obj5><obj6><obj7></objects><|im_end|>,,,2025-03-12 10:11:42.289259
